timestamp,wind_speed
2023-09-04 00:00:00,1.517857
2023-09-04 00:10:00,1.148276
2023-09-04 00:20:00,1.257143
2023-09-04 00:30:00,1.748276
2023-09-04 00:40:00,2.3
2023-09-04 00:50:00,2.575
2023-09-04 01:00:00,1.634483
2023-09-04 01:10:00,1.707143
2023-09-04 01:20:00,1.717241
2023-09-04 01:30:00,1.860714
2023-09-04 01:40:00,1.762069
2023-09-04 01:50:00,1.637931
2023-09-04 02:00:00,1.821429
2023-09-04 02:10:00,1.462069
2023-09-04 02:20:00,1.489286
2023-09-04 02:30:00,1.434483
2023-09-04 02:40:00,1.478571
2023-09-04 02:50:00,1.103448
2023-09-04 03:00:00,1.103448
2023-09-04 03:10:00,1.05
2023-09-04 03:20:00,1.144828
2023-09-04 03:30:00,1.510714
2023-09-04 03:40:00,2.858621
2023-09-04 03:50:00,2.253572
2023-09-04 04:00:00,1.324138
2023-09-04 04:10:00,2.493104
2023-09-04 04:20:00,2.635714
2023-09-04 04:30:00,3.286207
2023-09-04 04:40:00,2.875
2023-09-04 04:50:00,1.862069
2023-09-04 05:00:00,1.532143
2023-09-04 05:10:00,1.651724
2023-09-04 05:20:00,1.372414
2023-09-04 05:30:00,1.746428
2023-09-04 05:40:00,2.262069
2023-09-04 05:50:00,2.339286
2023-09-04 06:00:00,3.0
2023-09-04 06:10:00,3.464286
2023-09-04 06:20:00,3.317241
2023-09-04 06:30:00,2.334482
2023-09-04 06:40:00,2.103571
2023-09-04 06:50:00,1.827586
2023-09-04 07:00:00,1.685715
2023-09-04 07:10:00,2.496552
2023-09-04 07:20:00,1.817857
2023-09-04 07:30:00,2.293103
2023-09-04 07:40:00,3.913793
2023-09-04 07:50:00,3.739286
2023-09-04 08:00:00,2.613793
2023-09-04 08:10:00,4.039285
2023-09-04 08:20:00,2.351724
2023-09-04 08:30:00,2.585715
2023-09-04 08:40:00,2.806897
2023-09-04 08:50:00,3.937931
2023-09-04 09:00:00,4.192857
2023-09-04 09:10:00,2.948276
2023-09-04 09:20:00,4.532143
2023-09-04 09:30:00,2.572414
2023-09-04 09:40:00,3.217857
2023-09-04 09:50:00,4.624137
2023-09-04 10:00:00,5.55
2023-09-04 10:10:00,4.02069
2023-09-04 10:20:00,5.289286
2023-09-04 10:30:00,4.662069
2023-09-04 10:40:00,4.162069
2023-09-04 10:50:00,4.853572
2023-09-04 11:00:00,4.089655
2023-09-04 11:10:00,3.885714
2023-09-04 11:20:00,5.255172
2023-09-04 11:30:00,5.125
2023-09-04 11:40:00,6.082759
2023-09-04 11:50:00,4.17931
2023-09-04 12:00:00,4.2
2023-09-04 12:10:00,5.07931
2023-09-04 12:20:00,5.014286
2023-09-04 12:30:00,5.234482
2023-09-04 12:40:00,4.442857
2023-09-04 12:50:00,4.910345
2023-09-04 13:00:00,4.534483
2023-09-04 13:10:00,4.764286
2023-09-04 13:20:00,5.434483
2023-09-04 13:30:00,5.589285
2023-09-04 13:40:00,5.344828
2023-09-04 13:50:00,4.939286
2023-09-04 14:00:00,6.313793
2023-09-04 14:10:00,5.986207
2023-09-04 14:20:00,5.342856
2023-09-04 14:30:00,5.355172
2023-09-04 14:40:00,5.853572
2023-09-04 14:50:00,5.962069
2023-09-04 15:00:00,5.0
2023-09-04 15:10:00,6.131035
2023-09-04 15:20:00,4.889285
2023-09-04 15:30:00,5.124139
2023-09-04 15:40:00,5.389655
2023-09-04 15:50:00,5.496428
2023-09-04 16:00:00,4.627587
2023-09-04 16:10:00,4.425
2023-09-04 16:20:00,5.103447
2023-09-04 16:30:00,5.321429
2023-09-04 16:40:00,4.617242
2023-09-04 16:50:00,4.313793
2023-09-04 17:00:00,4.682143
2023-09-04 17:10:00,3.927586
2023-09-04 17:20:00,4.478571
2023-09-04 17:30:00,4.872414
2023-09-04 17:40:00,5.428571
2023-09-04 17:50:00,4.993103
2023-09-04 18:00:00,4.424138
2023-09-04 18:10:00,4.682143
2023-09-04 18:20:00,5.972413
2023-09-04 18:30:00,5.175
2023-09-04 18:40:00,4.148276
2023-09-04 18:50:00,3.385714
2023-09-04 19:00:00,3.655172
2023-09-04 19:10:00,4.557143
2023-09-04 19:20:00,4.396552
2023-09-04 19:30:00,4.675862
2023-09-04 19:40:00,3.799999
2023-09-04 19:50:00,7.196552
2023-09-04 20:00:00,6.932143
2023-09-04 20:10:00,6.710344
2023-09-04 20:20:00,4.992858
2023-09-04 20:30:00,4.758621
2023-09-04 20:40:00,7.371429
2023-09-04 20:50:00,7.996552
2023-09-04 21:00:00,7.151723
2023-09-04 21:10:00,6.910714
2023-09-04 21:20:00,7.706896
2023-09-04 21:30:00,5.55
2023-09-04 21:40:00,7.055174
2023-09-04 21:50:00,5.921429
2023-09-04 22:00:00,7.217242
2023-09-04 22:10:00,8.327586
2023-09-04 22:20:00,7.80357
2023-09-04 22:30:00,6.444828
2023-09-04 22:40:00,6.253571
2023-09-04 22:50:00,5.865518
2023-09-04 23:00:00,4.625
2023-09-04 23:10:00,4.106897
2023-09-04 23:20:00,5.162069
2023-09-04 23:30:00,2.596429
2023-09-04 23:40:00,3.317241
2023-09-04 23:50:00,3.903571
2023-09-05 00:00:00,2.241379
2023-09-05 00:10:00,1.728572
2023-09-05 00:20:00,1.927586
2023-09-05 00:30:00,2.896552
2023-09-05 00:40:00,5.410713
2023-09-05 00:50:00,4.306896
2023-09-05 01:00:00,3.114285
2023-09-05 01:10:00,1.927586
2023-09-05 01:20:00,1.810714
2023-09-05 01:30:00,2.551724
2023-09-05 01:40:00,6.55
2023-09-05 01:50:00,4.506896
2023-09-05 02:00:00,3.262069
2023-09-05 02:10:00,2.764286
2023-09-05 02:20:00,3.675862
2023-09-05 02:30:00,5.057143
2023-09-05 02:40:00,4.544827
2023-09-05 02:50:00,4.478572
2023-09-05 03:00:00,4.524138
2023-09-05 03:10:00,4.103448
2023-09-05 03:20:00,3.178571
2023-09-05 03:30:00,4.362069
2023-09-05 03:40:00,4.335714
2023-09-05 03:50:00,3.403449
2023-09-05 04:00:00,3.207143
2023-09-05 04:10:00,3.534483
2023-09-05 04:20:00,4.148276
2023-09-05 04:30:00,3.492857
2023-09-05 04:40:00,3.527586
2023-09-05 04:50:00,5.357143
2023-09-05 05:00:00,3.055173
2023-09-05 05:10:00,1.732143
2023-09-05 05:20:00,5.093103
2023-09-05 05:30:00,7.851724
2023-09-05 05:40:00,7.935715
2023-09-05 05:50:00,6.168966
2023-09-05 06:00:00,5.367858
2023-09-05 06:10:00,3.962069
2023-09-05 06:20:00,5.892858
2023-09-05 06:30:00,4.741379
2023-09-05 06:40:00,5.889655
2023-09-05 06:50:00,5.042857
2023-09-05 07:00:00,3.655172
2023-09-05 07:10:00,3.235714
2023-09-05 07:20:00,1.268966
2023-09-05 07:30:00,1.725
2023-09-05 07:40:00,0.9206896
2023-09-05 07:50:00,1.728571
2023-09-05 08:00:00,2.213793
2023-09-05 08:10:00,1.664286
2023-09-05 08:20:00,1.675862
2023-09-05 08:30:00,1.9
2023-09-05 08:40:00,1.914285
2023-09-05 08:50:00,1.951724
2023-09-05 09:00:00,1.442857
2023-09-05 09:10:00,1.006897
2023-09-05 09:20:00,0.7107143
2023-09-05 09:30:00,1.855172
2023-09-05 09:40:00,1.496552
2023-09-05 09:50:00,2.5
2023-09-05 10:00:00,2.458621
2023-09-05 10:10:00,4.110714
2023-09-05 10:20:00,3.962069
2023-09-05 10:30:00,4.357142
2023-09-05 10:40:00,5.144828
2023-09-05 10:50:00,4.648276
2023-09-05 11:00:00,4.835715
2023-09-05 11:10:00,5.355173
2023-09-05 11:20:00,2.728571
2023-09-05 11:30:00,3.303448
2023-09-05 11:40:00,5.435714
2023-09-05 11:50:00,5.227587
2023-09-05 12:00:00,5.251724
2023-09-05 12:10:00,5.767857
2023-09-05 12:20:00,4.955173
2023-09-05 12:30:00,4.467856
2023-09-05 12:40:00,3.872414
2023-09-05 12:50:00,4.864285
2023-09-05 13:00:00,3.855173
2023-09-05 13:10:00,4.307142
2023-09-05 13:20:00,3.503448
2023-09-05 13:30:00,2.075862
2023-09-05 13:40:00,2.975
2023-09-05 13:50:00,3.031035
2023-09-05 14:00:00,3.210714
2023-09-05 14:10:00,3.210345
2023-09-05 14:20:00,4.175
2023-09-05 14:30:00,4.296552
2023-09-05 14:40:00,3.572414
2023-09-05 14:50:00,4.060714
2023-09-05 15:00:00,3.634483
2023-09-05 15:10:00,4.571429
2023-09-05 15:20:00,4.848276
2023-09-05 15:30:00,4.032143
2023-09-05 15:40:00,3.448276
2023-09-05 15:50:00,4.131034
2023-09-05 16:00:00,3.817857
2023-09-05 16:10:00,3.555172
2023-09-05 16:20:00,3.7
2023-09-05 16:30:00,3.441379
2023-09-05 16:40:00,3.153571
2023-09-05 16:50:00,3.724138
2023-09-05 17:00:00,3.3
2023-09-05 17:10:00,2.396429
2023-09-05 17:20:00,3.348276
2023-09-05 17:30:00,3.167857
2023-09-05 17:40:00,3.065518
2023-09-05 17:50:00,2.485714
2023-09-05 18:00:00,3.013793
2023-09-05 18:10:00,3.486207
2023-09-05 18:20:00,3.114286
2023-09-05 18:30:00,3.5
2023-09-05 18:40:00,3.871428
2023-09-05 18:50:00,3.8
2023-09-05 19:00:00,3.610714
2023-09-05 19:10:00,4.213793
2023-09-05 19:20:00,4.15862
2023-09-05 19:30:00,3.15
2023-09-05 19:40:00,3.555173
2023-09-05 19:50:00,3.464286
2023-09-05 20:00:00,4.041379
2023-09-05 20:10:00,4.428571
2023-09-05 20:20:00,3.937931
2023-09-05 20:30:00,4.082759
2023-09-05 20:40:00,4.621428
2023-09-05 20:50:00,4.027586
2023-09-05 21:00:00,3.299999
2023-09-05 21:10:00,3.855173
2023-09-05 21:20:00,3.117857
2023-09-05 21:30:00,2.824138
2023-09-05 21:40:00,3.827586
2023-09-05 21:50:00,3.417858
2023-09-05 22:00:00,2.017241
2023-09-05 22:10:00,2.539286
2023-09-05 22:20:00,2.148276
2023-09-05 22:30:00,2.085714
2023-09-05 22:40:00,2.675862
2023-09-05 22:50:00,3.386207
2023-09-05 23:00:00,2.778572
2023-09-05 23:10:00,3.217242
2023-09-05 23:20:00,2.325
2023-09-05 23:30:00,1.837931
2023-09-05 23:40:00,2.171428
2023-09-05 23:50:00,1.896552
2023-09-06 00:00:00,1.768966
2023-09-06 00:10:00,2.339285
2023-09-06 00:20:00,2.0
2023-09-06 00:30:00,2.632143
2023-09-06 00:40:00,3.096552
2023-09-06 00:50:00,3.039286
2023-09-06 01:00:00,3.172414
2023-09-06 01:10:00,1.506896
2023-09-06 01:20:00,2.075
2023-09-06 01:30:00,2.148276
2023-09-06 01:40:00,1.489286
2023-09-06 01:50:00,2.67931
2023-09-06 02:00:00,3.303571
2023-09-06 02:10:00,3.144827
2023-09-06 02:20:00,2.386207
2023-09-06 02:30:00,3.121428
2023-09-06 02:40:00,2.6
2023-09-06 02:50:00,2.392857
2023-09-06 03:00:00,1.437931
2023-09-06 03:10:00,1.207143
2023-09-06 03:20:00,1.97931
2023-09-06 03:30:00,2.089655
2023-09-06 03:40:00,3.407143
2023-09-06 03:50:00,1.413793
2023-09-06 04:00:00,2.396429
2023-09-06 04:10:00,2.444828
2023-09-06 04:20:00,1.657143
2023-09-06 04:30:00,2.772414
2023-09-06 04:40:00,2.107143
2023-09-06 04:50:00,1.113793
2023-09-06 05:00:00,1.5
2023-09-06 05:10:00,0.6535714
2023-09-06 05:20:00,0.7758621
2023-09-06 05:30:00,1.439286
2023-09-06 05:40:00,1.962069
2023-09-06 05:50:00,2.167857
2023-09-06 06:00:00,3.765517
2023-09-06 06:10:00,3.682759
2023-09-06 06:20:00,2.421429
2023-09-06 06:30:00,2.306896
2023-09-06 06:40:00,3.060714
2023-09-06 06:50:00,3.468966
2023-09-06 07:00:00,4.285715
2023-09-06 07:10:00,4.396552
2023-09-06 07:20:00,3.334483
2023-09-06 07:30:00,4.55
2023-09-06 07:40:00,4.186207
2023-09-06 07:50:00,3.378572
2023-09-06 08:00:00,4.910345
2023-09-06 08:10:00,5.500001
2023-09-06 08:20:00,3.410344
2023-09-06 08:30:00,4.410344
2023-09-06 08:40:00,4.678571
2023-09-06 08:50:00,4.444827
2023-09-06 09:00:00,5.15
2023-09-06 09:10:00,5.931035
2023-09-06 09:20:00,5.514286
2023-09-06 09:30:00,6.503448
2023-09-06 09:40:00,6.110714
2023-09-06 09:50:00,6.062069
2023-09-06 10:00:00,6.127586
2023-09-06 10:10:00,6.382142
2023-09-06 10:20:00,7.251724
2023-09-06 10:30:00,5.635714
2023-09-06 10:40:00,6.306897
2023-09-06 10:50:00,6.457143
2023-09-06 11:00:00,6.96207
2023-09-06 11:10:00,7.303448
2023-09-06 11:20:00,5.47857
2023-09-06 11:30:00,7.3
2023-09-06 11:40:00,6.45
2023-09-06 11:50:00,6.224137
2023-09-06 12:00:00,6.978572
2023-09-06 12:10:00,6.617242
2023-09-06 12:20:00,5.748276
2023-09-06 12:30:00,5.314286
2023-09-06 12:40:00,5.9
2023-09-06 12:50:00,6.114286
2023-09-06 13:00:00,6.951725
2023-09-06 13:10:00,5.975001
2023-09-06 13:20:00,7.120689
2023-09-06 13:30:00,6.92069
2023-09-06 13:40:00,6.421428
2023-09-06 13:50:00,6.013793
2023-09-06 14:00:00,6.592857
2023-09-06 14:10:00,6.779311
2023-09-06 14:20:00,6.557144
2023-09-06 14:30:00,6.413794
2023-09-06 14:40:00,5.382758
2023-09-06 14:50:00,4.964286
2023-09-06 15:00:00,5.975862
2023-09-06 15:10:00,5.607142
2023-09-06 15:20:00,5.410344
2023-09-06 15:30:00,5.382143
2023-09-06 15:40:00,6.317241
2023-09-06 15:50:00,5.26207
2023-09-06 16:00:00,4.467857
2023-09-06 16:10:00,4.682759
2023-09-06 16:20:00,5.3
2023-09-06 16:30:00,4.372414
2023-09-06 16:40:00,3.8
2023-09-06 16:50:00,3.710345
2023-09-06 17:00:00,3.582758
2023-09-06 17:10:00,2.964285
2023-09-06 17:20:00,3.058621
2023-09-06 17:30:00,3.010714
2023-09-06 17:40:00,3.148276
2023-09-06 17:50:00,3.092857
2023-09-06 18:00:00,3.048275
2023-09-06 18:10:00,2.768965
2023-09-06 18:20:00,2.707143
2023-09-06 18:30:00,3.15862
2023-09-06 18:40:00,3.142857
2023-09-06 18:50:00,2.841379
2023-09-06 19:00:00,2.542857
2023-09-06 19:10:00,2.441379
2023-09-06 19:20:00,2.0
2023-09-06 19:30:00,2.025
2023-09-06 19:40:00,0.9689655
2023-09-06 19:50:00,1.032143
2023-09-06 20:00:00,1.789655
2023-09-06 20:10:00,1.025
2023-09-06 20:20:00,0.7896551
2023-09-06 20:30:00,0.75
2023-09-06 20:40:00,0.9034483
2023-09-06 20:50:00,1.162069
2023-09-06 21:00:00,1.217857
2023-09-06 21:10:00,1.158621
2023-09-06 21:20:00,1.039286
2023-09-06 21:30:00,1.020689
2023-09-06 21:40:00,1.103571
2023-09-06 21:50:00,1.413793
2023-09-06 22:00:00,1.417241
2023-09-06 22:10:00,1.732143
2023-09-06 22:20:00,1.710345
2023-09-06 22:30:00,1.292857
2023-09-06 22:40:00,1.693104
2023-09-06 22:50:00,1.453571
2023-09-06 23:00:00,0.8103449
2023-09-06 23:10:00,1.158621
2023-09-06 23:20:00,1.357143
2023-09-06 23:30:00,1.093104
2023-09-06 23:40:00,1.546429
2023-09-06 23:50:00,1.524138
2023-09-07 00:00:00,1.110714
2023-09-07 00:10:00,2.3
2023-09-07 00:20:00,0.9275862
2023-09-07 00:30:00,1.271429
2023-09-07 00:40:00,0.5
2023-09-07 00:50:00,1.096429
2023-09-07 01:00:00,1.055172
2023-09-07 01:10:00,0.8785715
2023-09-07 01:20:00,1.224138
2023-09-07 01:30:00,1.431034
2023-09-07 01:40:00,0.8821429
2023-09-07 01:50:00,0.9344829
2023-09-07 02:00:00,1.264286
2023-09-07 02:10:00,0.8758621
2023-09-07 02:20:00,1.353572
2023-09-07 02:30:00,1.296552
2023-09-07 02:40:00,1.07931
2023-09-07 02:50:00,1.482143
2023-09-07 03:00:00,1.117241
2023-09-07 03:10:00,0.8821429
2023-09-07 03:20:00,1.703448
2023-09-07 03:30:00,0.8714285
2023-09-07 03:40:00,0.6241379
2023-09-07 03:50:00,0.8586206
2023-09-07 04:00:00,1.517857
2023-09-07 04:10:00,1.32069
2023-09-07 04:20:00,0.9678571
2023-09-07 04:30:00,0.5068966
2023-09-07 04:40:00,0.7428572
2023-09-07 04:50:00,0.7172414
2023-09-07 05:00:00,0.5103449
2023-09-07 05:10:00,0.7035714
2023-09-07 05:20:00,0.7586207
2023-09-07 05:30:00,0.8178571
2023-09-07 05:40:00,0.7172413
2023-09-07 05:50:00,1.382143
2023-09-07 06:00:00,1.268965
2023-09-07 06:10:00,0.9821429
2023-09-07 06:20:00,0.9206896
2023-09-07 06:30:00,1.365517
2023-09-07 06:40:00,1.075
2023-09-07 06:50:00,0.8275863
2023-09-07 07:00:00,2.653571
2023-09-07 07:10:00,2.751724
2023-09-07 07:20:00,4.932143
2023-09-07 07:30:00,4.144828
2023-09-07 07:40:00,5.486207
2023-09-07 07:50:00,5.914285
2023-09-07 08:00:00,5.682759
2023-09-07 08:10:00,5.775001
2023-09-07 08:20:00,5.434483
2023-09-07 08:30:00,5.189286
2023-09-07 08:40:00,4.862069
2023-09-07 08:50:00,6.13793
2023-09-07 09:00:00,5.417857
2023-09-07 09:10:00,5.593104
2023-09-07 09:20:00,6.853573
2023-09-07 09:30:00,5.668966
2023-09-07 09:40:00,6.425
2023-09-07 09:50:00,6.4
2023-09-07 10:00:00,7.310344
2023-09-07 10:10:00,6.914285
2023-09-07 10:20:00,6.000001
2023-09-07 10:30:00,6.310713
2023-09-07 10:40:00,7.217241
2023-09-07 10:50:00,5.407143
2023-09-07 11:00:00,6.096552
2023-09-07 11:10:00,6.944828
2023-09-07 11:20:00,7.457143
2023-09-07 11:30:00,7.12069
2023-09-07 11:40:00,7.110715
2023-09-07 11:50:00,6.948276
2023-09-07 12:00:00,7.885715
2023-09-07 12:10:00,8.003448
2023-09-07 12:20:00,7.589655
2023-09-07 12:30:00,6.496429
2023-09-07 12:40:00,7.093104
2023-09-07 12:50:00,7.653571
2023-09-07 13:00:00,6.968966
2023-09-07 13:10:00,7.235714
2023-09-07 13:20:00,7.389656
2023-09-07 13:30:00,6.920689
2023-09-07 13:40:00,7.832142
2023-09-07 13:50:00,7.541379
2023-09-07 14:00:00,6.642857
2023-09-07 14:10:00,6.793103
2023-09-07 14:20:00,5.746429
2023-09-07 14:30:00,7.437932
2023-09-07 14:40:00,6.889286
2023-09-07 14:50:00,7.041379
2023-09-07 15:00:00,6.068965
2023-09-07 15:10:00,6.228572
2023-09-07 15:20:00,5.679309
2023-09-07 15:30:00,5.707143
2023-09-07 15:40:00,5.575862
2023-09-07 15:50:00,4.682143
2023-09-07 16:00:00,4.844827
2023-09-07 16:10:00,3.775862
2023-09-07 16:20:00,3.242857
2023-09-07 16:30:00,3.175862
2023-09-07 16:40:00,3.332143
2023-09-07 16:50:00,3.062069
2023-09-07 17:00:00,3.071429
2023-09-07 17:10:00,3.0
2023-09-07 17:20:00,2.737931
2023-09-07 17:30:00,3.185714
2023-09-07 17:40:00,3.282759
2023-09-07 17:50:00,2.592857
2023-09-07 18:00:00,1.675862
2023-09-07 18:10:00,2.785715
2023-09-07 18:20:00,1.972414
2023-09-07 18:30:00,2.286207
2023-09-07 18:40:00,1.978571
2023-09-07 18:50:00,2.441379
2023-09-07 19:00:00,2.732143
2023-09-07 19:10:00,1.937931
2023-09-07 19:20:00,1.75
2023-09-07 19:30:00,2.189655
2023-09-07 19:40:00,2.306897
2023-09-07 19:50:00,2.125
2023-09-07 20:00:00,1.872414
2023-09-07 20:10:00,1.210714
2023-09-07 20:20:00,1.02069
2023-09-07 20:30:00,1.453571
2023-09-07 20:40:00,1.882759
2023-09-07 20:50:00,1.841379
2023-09-07 21:00:00,1.828571
2023-09-07 21:10:00,1.617242
2023-09-07 21:20:00,1.685714
2023-09-07 21:30:00,2.086207
2023-09-07 21:40:00,1.842857
2023-09-07 21:50:00,1.344828
2023-09-07 22:00:00,1.510345
2023-09-07 22:10:00,1.639286
2023-09-07 22:20:00,1.613793
2023-09-07 22:30:00,1.560714
2023-09-07 22:40:00,1.9
2023-09-07 22:50:00,1.539286
2023-09-07 23:00:00,1.193104
2023-09-07 23:10:00,1.503572
2023-09-07 23:20:00,1.17931
2023-09-07 23:30:00,1.3
2023-09-07 23:40:00,1.575
2023-09-07 23:50:00,1.544828
2023-09-08 00:00:00,1.864285
2023-09-08 00:10:00,1.631034
2023-09-08 00:20:00,1.107143
2023-09-08 00:30:00,1.565517
2023-09-08 00:40:00,2.713793
2023-09-08 00:50:00,2.632143
2023-09-08 01:00:00,2.337931
2023-09-08 01:10:00,1.928571
2023-09-08 01:20:00,1.424138
2023-09-08 01:30:00,1.785714
2023-09-08 01:40:00,2.027586
2023-09-08 01:50:00,1.341379
2023-09-08 02:00:00,1.678572
2023-09-08 02:10:00,1.686207
2023-09-08 02:20:00,1.132143
2023-09-08 02:30:00,1.251724
2023-09-08 02:40:00,1.410714
2023-09-08 02:50:00,1.293103
2023-09-08 03:00:00,1.668966
2023-09-08 03:10:00,1.507143
2023-09-08 03:20:00,1.196552
2023-09-08 03:30:00,1.275
2023-09-08 03:40:00,1.544828
2023-09-08 03:50:00,2.007143
2023-09-08 04:00:00,1.713793
2023-09-08 04:10:00,1.62069
2023-09-08 04:20:00,2.067857
2023-09-08 04:30:00,1.796552
2023-09-08 04:40:00,1.985714
2023-09-08 04:50:00,1.7
2023-09-08 05:00:00,1.314286
2023-09-08 05:10:00,1.396552
2023-09-08 05:20:00,1.414286
2023-09-08 05:30:00,1.172414
2023-09-08 05:40:00,0.8928571
2023-09-08 05:50:00,1.034483
2023-09-08 06:00:00,0.8655172
2023-09-08 06:10:00,1.489286
2023-09-08 06:20:00,0.8689656
2023-09-08 06:30:00,0.8785714
2023-09-08 06:40:00,1.672414
2023-09-08 06:50:00,2.817857
2023-09-08 07:00:00,4.358621
2023-09-08 07:10:00,3.055173
2023-09-08 07:20:00,4.957143
2023-09-08 07:30:00,5.151724
2023-09-08 07:40:00,4.649999
2023-09-08 07:50:00,5.596552
2023-09-08 08:00:00,4.389286
2023-09-08 08:10:00,5.248276
2023-09-08 08:20:00,2.775862
2023-09-08 08:30:00,1.257143
2023-09-08 08:40:00,1.303448
2023-09-08 08:50:00,0.8321429
2023-09-08 09:00:00,1.113793
2023-09-08 09:10:00,2.242857
2023-09-08 09:20:00,1.048276
2023-09-08 09:30:00,1.503448
2023-09-08 09:40:00,1.046429
2023-09-08 09:50:00,3.889656
2023-09-08 10:00:00,6.0
2023-09-08 10:10:00,7.275862
2023-09-08 10:20:00,7.110713
2023-09-08 10:30:00,7.95862
2023-09-08 10:40:00,7.020689
2023-09-08 10:50:00,7.882141
2023-09-08 11:00:00,8.144828
2023-09-08 11:10:00,6.253572
2023-09-08 11:20:00,6.965517
2023-09-08 11:30:00,6.653572
2023-09-08 11:40:00,6.782759
2023-09-08 11:50:00,7.131034
2023-09-08 12:00:00,7.007143
2023-09-08 12:10:00,7.655172
2023-09-08 12:20:00,7.357143
2023-09-08 12:30:00,6.137931
2023-09-08 12:40:00,6.471429
2023-09-08 12:50:00,7.351724
2023-09-08 13:00:00,7.775862
2023-09-08 13:10:00,7.1
2023-09-08 13:20:00,7.331034
2023-09-08 13:30:00,7.417858
2023-09-08 13:40:00,6.934484
2023-09-08 13:50:00,7.05357
2023-09-08 14:00:00,7.42069
2023-09-08 14:10:00,7.651724
2023-09-08 14:20:00,7.660714
2023-09-08 14:30:00,7.741378
2023-09-08 14:40:00,7.607143
2023-09-08 14:50:00,7.917242
2023-09-08 15:00:00,7.342858
2023-09-08 15:10:00,6.334483
2023-09-08 15:20:00,6.689655
2023-09-08 15:30:00,6.292858
2023-09-08 15:40:00,6.87931
2023-09-08 15:50:00,6.182143
2023-09-08 16:00:00,5.437931
2023-09-08 16:10:00,4.771429
2023-09-08 16:20:00,4.431034
2023-09-08 16:30:00,3.965517
2023-09-08 16:40:00,4.060714
2023-09-08 16:50:00,4.486207
2023-09-08 17:00:00,3.367857
2023-09-08 17:10:00,3.644828
2023-09-08 17:20:00,2.964286
2023-09-08 17:30:00,4.431035
2023-09-08 17:40:00,3.582759
2023-09-08 17:50:00,3.092858
2023-09-08 18:00:00,3.382759
2023-09-08 18:10:00,2.503572
2023-09-08 18:20:00,3.072414
2023-09-08 18:30:00,2.192857
2023-09-08 18:40:00,2.765517
2023-09-08 18:50:00,3.332143
2023-09-08 19:00:00,3.003448
2023-09-08 19:10:00,2.144827
2023-09-08 19:20:00,2.660715
2023-09-08 19:30:00,2.024138
2023-09-08 19:40:00,1.910714
2023-09-08 19:50:00,1.106896
2023-09-08 20:00:00,0.8285714
2023-09-08 20:10:00,1.206897
2023-09-08 20:20:00,1.175862
2023-09-08 20:30:00,0.7928572
2023-09-08 20:40:00,1.393103
2023-09-08 20:50:00,1.171429
2023-09-08 21:00:00,1.193103
2023-09-08 21:10:00,1.25
2023-09-08 21:20:00,1.193104
2023-09-08 21:30:00,1.406897
2023-09-08 21:40:00,1.778571
2023-09-08 21:50:00,1.537931
2023-09-08 22:00:00,1.435714
2023-09-08 22:10:00,1.558621
2023-09-08 22:20:00,1.346429
2023-09-08 22:30:00,1.455172
2023-09-08 22:40:00,1.179311
2023-09-08 22:50:00,1.042857
2023-09-08 23:00:00,1.265517
2023-09-08 23:10:00,0.8964286
2023-09-08 23:20:00,1.258621
2023-09-08 23:30:00,0.8607143
2023-09-08 23:40:00,0.9793103
2023-09-08 23:50:00,1.055172
2023-09-09 00:00:00,1.032143
2023-09-09 00:10:00,1.124138
2023-09-09 00:20:00,1.146429
2023-09-09 00:30:00,1.048276
2023-09-09 00:40:00,1.35
2023-09-09 00:50:00,1.510345
2023-09-09 01:00:00,1.765517
2023-09-09 01:10:00,1.635714
2023-09-09 01:20:00,1.937931
2023-09-09 01:30:00,1.789286
2023-09-09 01:40:00,1.786207
2023-09-09 01:50:00,1.65
2023-09-09 02:00:00,1.4
2023-09-09 02:10:00,1.541379
2023-09-09 02:20:00,1.757143
2023-09-09 02:30:00,1.368965
2023-09-09 02:40:00,1.439286
2023-09-09 02:50:00,1.175862
2023-09-09 03:00:00,1.414286
2023-09-09 03:10:00,1.413793
2023-09-09 03:20:00,1.635714
2023-09-09 03:30:00,1.706897
2023-09-09 03:40:00,1.744828
2023-09-09 03:50:00,1.521428
2023-09-09 04:00:00,1.465517
2023-09-09 04:10:00,1.439286
2023-09-09 04:20:00,1.275862
2023-09-09 04:30:00,1.853571
2023-09-09 04:40:00,1.727586
2023-09-09 04:50:00,1.348276
2023-09-09 05:00:00,1.875
2023-09-09 05:10:00,2.193104
2023-09-09 05:20:00,1.532143
2023-09-09 05:30:00,1.524138
2023-09-09 05:40:00,1.442857
2023-09-09 05:50:00,1.410345
2023-09-09 06:00:00,1.22069
2023-09-09 06:10:00,1.578572
2023-09-09 06:20:00,1.42069
2023-09-09 06:30:00,1.2
2023-09-09 06:40:00,0.9206897
2023-09-09 06:50:00,1.282143
2023-09-09 07:00:00,2.155172
2023-09-09 07:10:00,1.731034
2023-09-09 07:20:00,1.585714
2023-09-09 07:30:00,2.868965
2023-09-09 07:40:00,3.303571
2023-09-09 07:50:00,2.217242
2023-09-09 08:00:00,2.475
2023-09-09 08:10:00,1.682758
2023-09-09 08:20:00,2.341379
2023-09-09 08:30:00,2.15
2023-09-09 08:40:00,2.272414
2023-09-09 08:50:00,2.807143
2023-09-09 09:00:00,3.141379
2023-09-09 09:10:00,2.971428
2023-09-09 09:20:00,3.4
2023-09-09 09:30:00,3.203448
2023-09-09 09:40:00,3.746429
2023-09-09 09:50:00,3.644827
2023-09-09 10:00:00,3.35
2023-09-09 10:10:00,3.07931
2023-09-09 10:20:00,2.539285
2023-09-09 10:30:00,2.806897
2023-09-09 10:40:00,2.282759
2023-09-09 10:50:00,3.021429
2023-09-09 11:00:00,2.537931
2023-09-09 11:10:00,3.157143
2023-09-09 11:20:00,4.372415
2023-09-09 11:30:00,3.275
2023-09-09 11:40:00,3.655173
2023-09-09 11:50:00,3.996428
2023-09-09 12:00:00,5.044827
2023-09-09 12:10:00,4.375862
2023-09-09 12:20:00,3.471428
2023-09-09 12:30:00,3.637931
2023-09-09 12:40:00,3.375
2023-09-09 12:50:00,3.627586
2023-09-09 13:00:00,4.135715
2023-09-09 13:10:00,3.327586
2023-09-09 13:20:00,3.310345
2023-09-09 13:30:00,4.439286
2023-09-09 13:40:00,3.086207
2023-09-09 13:50:00,3.817857
2023-09-09 14:00:00,3.110345
2023-09-09 14:10:00,3.9
2023-09-09 14:20:00,4.417241
2023-09-09 14:30:00,3.068965
2023-09-09 14:40:00,3.935714
2023-09-09 14:50:00,3.703448
2023-09-09 15:00:00,3.642857
2023-09-09 15:10:00,3.086207
2023-09-09 15:20:00,2.089286
2023-09-09 15:30:00,2.1
2023-09-09 15:40:00,2.706897
2023-09-09 15:50:00,2.975
2023-09-09 16:00:00,1.786207
2023-09-09 16:10:00,1.710714
2023-09-09 16:20:00,1.717241
2023-09-09 16:30:00,1.678572
2023-09-09 16:40:00,1.672414
2023-09-09 16:50:00,1.637931
2023-09-09 17:00:00,0.8607143
2023-09-09 17:10:00,1.17931
2023-09-09 17:20:00,0.9535713
2023-09-09 17:30:00,0.9310346
2023-09-09 17:40:00,0.8464285
2023-09-09 17:50:00,1.268965
2023-09-09 18:00:00,1.110345
2023-09-09 18:10:00,1.178572
2023-09-09 18:20:00,1.334483
2023-09-09 18:30:00,1.382143
2023-09-09 18:40:00,1.482759
2023-09-09 18:50:00,1.339286
2023-09-09 19:00:00,1.0
2023-09-09 19:10:00,0.9000001
2023-09-09 19:20:00,0.7821428
2023-09-09 19:30:00,0.9620689
2023-09-09 19:40:00,1.160714
2023-09-09 19:50:00,1.144827
2023-09-09 20:00:00,1.028571
2023-09-09 20:10:00,1.168965
2023-09-09 20:20:00,1.410345
2023-09-09 20:30:00,2.057143
2023-09-09 20:40:00,2.051724
2023-09-09 20:50:00,1.342857
2023-09-09 21:00:00,1.024138
2023-09-09 21:10:00,0.8357143
2023-09-09 21:20:00,0.6206896
2023-09-09 21:30:00,0.5724137
2023-09-09 21:40:00,0.9142857
2023-09-09 21:50:00,0.9827586
2023-09-09 22:00:00,1.032143
2023-09-09 22:10:00,1.313793
2023-09-09 22:20:00,1.067857
2023-09-09 22:30:00,1.324138
2023-09-09 22:40:00,1.265517
2023-09-09 22:50:00,1.05
2023-09-09 23:00:00,0.9241379
2023-09-09 23:10:00,0.8392857
2023-09-09 23:20:00,1.017241
2023-09-09 23:30:00,1.407143
2023-09-09 23:40:00,1.041379
2023-09-09 23:50:00,1.310714
2023-09-10 00:00:00,1.668966
2023-09-10 00:10:00,1.362069
2023-09-10 00:20:00,1.132143
2023-09-10 00:30:00,0.9931035
2023-09-10 00:40:00,1.232143
2023-09-10 00:50:00,1.072414
2023-09-10 01:00:00,1.021429
2023-09-10 01:10:00,1.231034
2023-09-10 01:20:00,1.386207
2023-09-10 01:30:00,1.567857
2023-09-10 01:40:00,1.151724
2023-09-10 01:50:00,1.807143
2023-09-10 02:00:00,1.189655
2023-09-10 02:10:00,0.8678572
2023-09-10 02:20:00,1.106897
2023-09-10 02:30:00,0.8965518
2023-09-10 02:40:00,1.296429
2023-09-10 02:50:00,1.303448
2023-09-10 03:00:00,0.9964286
2023-09-10 03:10:00,1.162069
2023-09-10 03:20:00,0.8
2023-09-10 03:30:00,0.7689655
2023-09-10 03:40:00,0.9137931
2023-09-10 03:50:00,1.575
2023-09-10 04:00:00,0.9172413
2023-09-10 04:10:00,1.471429
2023-09-10 04:20:00,1.789655
2023-09-10 04:30:00,1.353572
2023-09-10 04:40:00,1.334483
2023-09-10 04:50:00,1.606897
2023-09-10 05:00:00,1.121429
2023-09-10 05:10:00,0.9551724
2023-09-10 05:20:00,0.7607142
2023-09-10 05:30:00,0.9413794
2023-09-10 05:40:00,1.014286
2023-09-10 05:50:00,0.9172415
2023-09-10 06:00:00,0.8448276
2023-09-10 06:10:00,0.7857142
2023-09-10 06:20:00,1.255172
2023-09-10 06:30:00,2.289286
2023-09-10 06:40:00,5.224138
2023-09-10 06:50:00,4.828571
2023-09-10 07:00:00,4.810345
2023-09-10 07:10:00,3.817241
2023-09-10 07:20:00,5.614286
2023-09-10 07:30:00,7.148276
2023-09-10 07:40:00,7.664285
2023-09-10 07:50:00,6.031034
2023-09-10 08:00:00,5.957142
2023-09-10 08:10:00,6.551724
2023-09-10 08:20:00,7.096552
2023-09-10 08:30:00,7.346429
2023-09-10 08:40:00,7.093104
2023-09-10 08:50:00,7.439285
2023-09-10 09:00:00,6.96207
2023-09-10 09:10:00,8.435714
2023-09-10 09:20:00,6.851724
2023-09-10 09:30:00,7.707143
2023-09-10 09:40:00,7.644827
2023-09-10 09:50:00,7.244827
2023-09-10 10:00:00,8.117858
2023-09-10 10:10:00,7.917242
2023-09-10 10:20:00,8.296429
2023-09-10 10:30:00,8.641378
2023-09-10 10:40:00,8.667857
2023-09-10 10:50:00,7.534483
2023-09-10 11:00:00,8.889656
2023-09-10 11:10:00,8.271428
2023-09-10 11:20:00,9.02069
2023-09-10 11:30:00,8.985715
2023-09-10 11:40:00,8.77931
2023-09-10 11:50:00,8.225
2023-09-10 12:00:00,7.034483
2023-09-10 12:10:00,8.803449
2023-09-10 12:20:00,7.85
2023-09-10 12:30:00,8.248277
2023-09-10 12:40:00,8.435716
2023-09-10 12:50:00,8.003448
2023-09-10 13:00:00,6.896429
2023-09-10 13:10:00,7.672415
2023-09-10 13:20:00,7.937931
2023-09-10 13:30:00,6.021429
2023-09-10 13:40:00,6.534483
2023-09-10 13:50:00,7.121429
2023-09-10 14:00:00,7.758621
2023-09-10 14:10:00,5.767858
2023-09-10 14:20:00,6.668966
2023-09-10 14:30:00,5.735714
2023-09-10 14:40:00,6.648276
2023-09-10 14:50:00,7.241382
2023-09-10 15:00:00,6.471429
2023-09-10 15:10:00,4.989655
2023-09-10 15:20:00,5.842857
2023-09-10 15:30:00,5.506896
2023-09-10 15:40:00,5.664287
2023-09-10 15:50:00,5.765518
2023-09-10 16:00:00,5.286206
2023-09-10 16:10:00,5.75
2023-09-10 16:20:00,4.87931
2023-09-10 16:30:00,4.164285
2023-09-10 16:40:00,4.775863
2023-09-10 16:50:00,3.735714
2023-09-10 17:00:00,4.010345
2023-09-10 17:10:00,3.775862
2023-09-10 17:20:00,3.821428
2023-09-10 17:30:00,3.917241
2023-09-10 17:40:00,3.821429
2023-09-10 17:50:00,3.403448
2023-09-10 18:00:00,3.328572
2023-09-10 18:10:00,3.334483
2023-09-10 18:20:00,3.837931
2023-09-10 18:30:00,2.732143
2023-09-10 18:40:00,3.27931
2023-09-10 18:50:00,3.025
2023-09-10 19:00:00,2.886207
2023-09-10 19:10:00,3.135714
2023-09-10 19:20:00,2.668966
2023-09-10 19:30:00,2.97931
2023-09-10 19:40:00,2.928571
2023-09-10 19:50:00,3.072413
2023-09-10 20:00:00,3.353571
2023-09-10 20:10:00,3.489655
2023-09-10 20:20:00,3.432143
2023-09-10 20:30:00,3.093103
2023-09-10 20:40:00,2.844828
2023-09-10 20:50:00,2.767857
2023-09-10 21:00:00,2.544828
2023-09-10 21:10:00,2.221428
2023-09-10 21:20:00,1.593103
2023-09-10 21:30:00,0.7142857
2023-09-10 21:40:00,1.096552
2023-09-10 21:50:00,1.210345
2023-09-10 22:00:00,1.125
2023-09-10 22:10:00,2.148276
2023-09-10 22:20:00,0.9571428
2023-09-10 22:30:00,1.068966
2023-09-10 22:40:00,1.182143
2023-09-10 22:50:00,1.244828
2023-09-10 23:00:00,1.392857
2023-09-10 23:10:00,1.055172
2023-09-10 23:20:00,1.396552
2023-09-10 23:30:00,1.410714
2023-09-10 23:40:00,1.02069
2023-09-10 23:50:00,1.203571
2023-09-11 00:00:00,1.237931
2023-09-11 00:10:00,1.246429
2023-09-11 00:20:00,1.196552
2023-09-11 00:30:00,1.044828
2023-09-11 00:40:00,1.221429
2023-09-11 00:50:00,1.365517
2023-09-11 01:00:00,1.403571
2023-09-11 01:10:00,1.524138
2023-09-11 01:20:00,1.135714
2023-09-11 01:30:00,1.151724
2023-09-11 01:40:00,1.158621
2023-09-11 01:50:00,1.028571
2023-09-11 02:00:00,0.9965516
2023-09-11 02:10:00,1.010714
2023-09-11 02:20:00,1.017241
2023-09-11 02:30:00,0.9357143
2023-09-11 02:40:00,1.013793
2023-09-11 02:50:00,0.951724
2023-09-11 03:00:00,0.875
2023-09-11 03:10:00,1.07931
2023-09-11 03:20:00,1.342857
2023-09-11 03:30:00,1.213793
2023-09-11 03:40:00,1.1
2023-09-11 03:50:00,1.258621
2023-09-11 04:00:00,1.093103
2023-09-11 04:10:00,1.475
2023-09-11 04:20:00,1.382759
2023-09-11 04:30:00,0.8214285
2023-09-11 04:40:00,1.1
2023-09-11 04:50:00,1.060714
2023-09-11 05:00:00,1.386207
2023-09-11 05:10:00,1.013793
2023-09-11 05:20:00,1.085714
2023-09-11 05:30:00,0.9999999
2023-09-11 05:40:00,1.4
2023-09-11 05:50:00,1.558621
2023-09-11 06:00:00,1.557143
2023-09-11 06:10:00,1.589655
2023-09-11 06:20:00,1.37931
2023-09-11 06:30:00,1.521428
2023-09-11 06:40:00,1.055172
2023-09-11 06:50:00,1.65
2023-09-11 07:00:00,2.831034
2023-09-11 07:10:00,2.064286
2023-09-11 07:20:00,3.051724
2023-09-11 07:30:00,2.655172
2023-09-11 07:40:00,3.771429
2023-09-11 07:50:00,4.196551
2023-09-11 08:00:00,4.339286
2023-09-11 08:10:00,3.548276
2023-09-11 08:20:00,4.167857
2023-09-11 08:30:00,3.555172
2023-09-11 08:40:00,4.525
2023-09-11 08:50:00,4.175862
2023-09-11 09:00:00,5.237931
2023-09-11 09:10:00,4.535714
2023-09-11 09:20:00,3.903448
2023-09-11 09:30:00,2.817858
2023-09-11 09:40:00,3.993103
2023-09-11 09:50:00,3.771428
2023-09-11 10:00:00,4.327587
2023-09-11 10:10:00,4.306897
2023-09-11 10:20:00,3.875
2023-09-11 10:30:00,4.24138
2023-09-11 10:40:00,4.396429
2023-09-11 10:50:00,5.086207
2023-09-11 11:00:00,3.825
2023-09-11 11:10:00,3.503448
2023-09-11 11:20:00,3.896552
2023-09-11 11:30:00,3.128571
2023-09-11 11:40:00,4.651724
2023-09-11 11:50:00,4.403571
2023-09-11 12:00:00,3.924139
2023-09-11 12:10:00,3.910714
2023-09-11 12:20:00,3.182759
2023-09-11 12:30:00,4.475862
2023-09-11 12:40:00,3.578571
2023-09-11 12:50:00,4.355172
2023-09-11 13:00:00,3.821428
2023-09-11 13:10:00,3.206897
2023-09-11 13:20:00,3.710714
2023-09-11 13:30:00,4.068966
2023-09-11 13:40:00,4.024138
2023-09-11 13:50:00,3.446428
2023-09-11 14:00:00,3.862069
2023-09-11 14:10:00,3.275
2023-09-11 14:20:00,2.993104
2023-09-11 14:30:00,3.739286
2023-09-11 14:40:00,3.051724
2023-09-11 14:50:00,2.948276
2023-09-11 15:00:00,3.728572
2023-09-11 15:10:00,3.92069
2023-09-11 15:20:00,3.878571
2023-09-11 15:30:00,4.217241
2023-09-11 15:40:00,3.867857
2023-09-11 15:50:00,4.0
2023-09-11 16:00:00,3.27931
2023-09-11 16:10:00,3.171429
2023-09-11 16:20:00,2.610345
2023-09-11 16:30:00,3.635714
2023-09-11 16:40:00,3.265517
2023-09-11 16:50:00,2.867857
2023-09-11 17:00:00,2.993104
2023-09-11 17:10:00,2.686207
2023-09-11 17:20:00,3.553572
2023-09-11 17:30:00,2.565517
2023-09-11 17:40:00,2.439286
2023-09-11 17:50:00,3.296552
2023-09-11 18:00:00,3.192858
2023-09-11 18:10:00,2.237931
2023-09-11 18:20:00,1.955172
2023-09-11 18:30:00,1.432143
2023-09-11 18:40:00,1.496552
2023-09-11 18:50:00,1.664286
2023-09-11 19:00:00,2.131034
2023-09-11 19:10:00,1.417857
2023-09-11 19:20:00,1.368966
2023-09-11 19:30:00,1.686207
2023-09-11 19:40:00,0.9178571
2023-09-11 19:50:00,1.003448
2023-09-11 20:00:00,0.8785714
2023-09-11 20:10:00,0.9103448
2023-09-11 20:20:00,0.9857144
2023-09-11 20:30:00,1.058621
2023-09-11 20:40:00,0.8482759
2023-09-11 20:50:00,1.128571
2023-09-11 21:00:00,1.148276
2023-09-11 21:10:00,1.117857
2023-09-11 21:20:00,0.6793103
2023-09-11 21:30:00,0.9285715
2023-09-11 21:40:00,0.7551725
2023-09-11 21:50:00,0.8071429
2023-09-11 22:00:00,0.8413793
2023-09-11 22:10:00,0.8586207
2023-09-11 22:20:00,1.107143
2023-09-11 22:30:00,0.9000001
2023-09-11 22:40:00,1.15
2023-09-11 22:50:00,1.106897
2023-09-11 23:00:00,1.05
2023-09-11 23:10:00,1.613793
2023-09-11 23:20:00,1.327586
2023-09-11 23:30:00,1.121428
2023-09-11 23:40:00,0.9206896
2023-09-11 23:50:00,0.7214287
2023-09-12 00:00:00,1.134483
2023-09-12 00:10:00,1.121429
2023-09-12 00:20:00,1.358621
2023-09-12 00:30:00,1.486207
2023-09-12 00:40:00,1.367857
2023-09-12 00:50:00,0.9517241
2023-09-12 01:00:00,1.314286
2023-09-12 01:10:00,1.368966
2023-09-12 01:20:00,1.285714
2023-09-12 01:30:00,1.27931
2023-09-12 01:40:00,1.4
2023-09-12 01:50:00,1.353571
2023-09-12 02:00:00,1.389655
2023-09-12 02:10:00,1.225
2023-09-12 02:20:00,1.165517
2023-09-12 02:30:00,1.160714
2023-09-12 02:40:00,1.513793
2023-09-12 02:50:00,1.62069
2023-09-12 03:00:00,1.060714
2023-09-12 03:10:00,0.9724138
2023-09-12 03:20:00,1.314286
2023-09-12 03:30:00,1.503448
2023-09-12 03:40:00,1.321429
2023-09-12 03:50:00,1.351724
2023-09-12 04:00:00,1.334483
2023-09-12 04:10:00,0.9607143
2023-09-12 04:20:00,1.296552
2023-09-12 04:30:00,1.507143
2023-09-12 04:40:00,1.258621
2023-09-12 04:50:00,1.353572
2023-09-12 05:00:00,1.17931
2023-09-12 05:10:00,0.9250001
2023-09-12 05:20:00,1.186207
2023-09-12 05:30:00,1.058621
2023-09-12 05:40:00,1.510714
2023-09-12 05:50:00,1.182759
2023-09-12 06:00:00,1.060714
2023-09-12 06:10:00,1.655172
2023-09-12 06:20:00,1.317857
2023-09-12 06:30:00,1.393103
2023-09-12 06:40:00,1.448276
2023-09-12 06:50:00,1.575
2023-09-12 07:00:00,1.548276
2023-09-12 07:10:00,1.45
2023-09-12 07:20:00,0.6586207
2023-09-12 07:30:00,1.407143
2023-09-12 07:40:00,2.603448
2023-09-12 07:50:00,4.013793
2023-09-12 08:00:00,4.157143
2023-09-12 08:10:00,3.486207
2023-09-12 08:20:00,3.639286
2023-09-12 08:30:00,3.693103
2023-09-12 08:40:00,3.760714
2023-09-12 08:50:00,3.768966
2023-09-12 09:00:00,3.903448
2023-09-12 09:10:00,4.635715
2023-09-12 09:20:00,3.362069
2023-09-12 09:30:00,3.564285
2023-09-12 09:40:00,4.568965
2023-09-12 09:50:00,3.2
2023-09-12 10:00:00,2.903448
2023-09-12 10:10:00,3.193104
2023-09-12 10:20:00,3.6
2023-09-12 10:30:00,3.737931
2023-09-12 10:40:00,4.078572
2023-09-12 10:50:00,4.682759
2023-09-12 11:00:00,4.367857
2023-09-12 11:10:00,3.606896
2023-09-12 11:20:00,5.02069
2023-09-12 11:30:00,4.289286
2023-09-12 11:40:00,4.7
2023-09-12 11:50:00,3.646429
2023-09-12 12:00:00,4.448276
2023-09-12 12:10:00,4.732143
2023-09-12 12:20:00,4.272414
2023-09-12 12:30:00,4.048275
2023-09-12 12:40:00,3.596428
2023-09-12 12:50:00,3.713793
2023-09-12 13:00:00,4.021428
2023-09-12 13:10:00,4.527586
2023-09-12 13:20:00,3.732143
2023-09-12 13:30:00,5.227587
2023-09-12 13:40:00,3.675862
2023-09-12 13:50:00,3.971428
2023-09-12 14:00:00,3.734482
2023-09-12 14:10:00,3.621428
2023-09-12 14:20:00,3.755172
2023-09-12 14:30:00,4.314286
2023-09-12 14:40:00,4.175862
2023-09-12 14:50:00,4.282759
2023-09-12 15:00:00,3.414286
2023-09-12 15:10:00,3.910345
2023-09-12 15:20:00,3.8
2023-09-12 15:30:00,3.127586
2023-09-12 15:40:00,3.489286
2023-09-12 15:50:00,3.324138
2023-09-12 16:00:00,3.303571
2023-09-12 16:10:00,2.541379
2023-09-12 16:20:00,3.572414
2023-09-12 16:30:00,2.739286
2023-09-12 16:40:00,2.789655
2023-09-12 16:50:00,2.042857
2023-09-12 17:00:00,2.117241
2023-09-12 17:10:00,2.592857
2023-09-12 17:20:00,2.037931
2023-09-12 17:30:00,2.075862
2023-09-12 17:40:00,1.821429
2023-09-12 17:50:00,1.186207
2023-09-12 18:00:00,0.9107143
2023-09-12 18:10:00,0.7724139
2023-09-12 18:20:00,0.6678572
2023-09-12 18:30:00,0.8241379
2023-09-12 18:40:00,0.8000001
2023-09-12 18:50:00,0.9892856
2023-09-12 19:00:00,0.9379311
2023-09-12 19:10:00,1.05
2023-09-12 19:20:00,0.8
2023-09-12 19:30:00,0.7821429
2023-09-12 19:40:00,0.9310346
2023-09-12 19:50:00,1.006897
2023-09-12 20:00:00,1.253572
2023-09-12 20:10:00,0.8931035
2023-09-12 20:20:00,0.9785713
2023-09-12 20:30:00,0.8413793
2023-09-12 20:40:00,0.625
2023-09-12 20:50:00,0.4344827
2023-09-12 21:00:00,0.6896551
2023-09-12 21:10:00,0.5857143
2023-09-12 21:20:00,0.8
2023-09-12 21:30:00,0.5214286
2023-09-12 21:40:00,0.8275862
2023-09-12 21:50:00,1.096428
2023-09-12 22:00:00,1.051724
2023-09-12 22:10:00,0.8275861
2023-09-12 22:20:00,0.5714286
2023-09-12 22:30:00,0.6172414
2023-09-12 22:40:00,0.6178571
2023-09-12 22:50:00,0.5103448
2023-09-12 23:00:00,0.55
2023-09-12 23:10:00,0.5448276
2023-09-12 23:20:00,1.048276
2023-09-12 23:30:00,0.857143
2023-09-12 23:40:00,0.7689655
2023-09-12 23:50:00,0.9142857
2023-09-13 00:00:00,1.013793
2023-09-13 00:10:00,1.517857
2023-09-13 00:20:00,1.503448
2023-09-13 00:30:00,1.055172
2023-09-13 00:40:00,1.25
2023-09-13 00:50:00,1.358621
2023-09-13 01:00:00,0.9892856
2023-09-13 01:10:00,0.913793
2023-09-13 01:20:00,0.7392856
2023-09-13 01:30:00,1.148276
2023-09-13 01:40:00,1.506896
2023-09-13 01:50:00,1.446428
2023-09-13 02:00:00,0.9862068
2023-09-13 02:10:00,1.078571
2023-09-13 02:20:00,0.6862068
2023-09-13 02:30:00,1.167857
2023-09-13 02:40:00,0.9931036
2023-09-13 02:50:00,0.8
2023-09-13 03:00:00,1.325
2023-09-13 03:10:00,1.413793
2023-09-13 03:20:00,1.185714
2023-09-13 03:30:00,1.12069
2023-09-13 03:40:00,1.507143
2023-09-13 03:50:00,1.47931
2023-09-13 04:00:00,1.010345
2023-09-13 04:10:00,0.7250001
2023-09-13 04:20:00,0.9172415
2023-09-13 04:30:00,1.003571
2023-09-13 04:40:00,0.9000002
2023-09-13 04:50:00,0.8785714
2023-09-13 05:00:00,1.206896
2023-09-13 05:10:00,1.296552
2023-09-13 05:20:00,0.8249999
2023-09-13 05:30:00,0.5551724
2023-09-13 05:40:00,0.9142857
2023-09-13 05:50:00,1.189655
2023-09-13 06:00:00,0.9857143
2023-09-13 06:10:00,0.862069
2023-09-13 06:20:00,0.6535715
2023-09-13 06:30:00,0.562069
2023-09-13 06:40:00,0.6275862
2023-09-13 06:50:00,0.4428572
2023-09-13 07:00:00,1.175862
2023-09-13 07:10:00,1.421429
2023-09-13 07:20:00,3.424138
2023-09-13 07:30:00,4.182143
2023-09-13 07:40:00,5.7
2023-09-13 07:50:00,5.382759
2023-09-13 08:00:00,4.860714
2023-09-13 08:10:00,5.427586
2023-09-13 08:20:00,5.325
2023-09-13 08:30:00,5.389655
2023-09-13 08:40:00,4.664286
2023-09-13 08:50:00,4.634483
2023-09-13 09:00:00,2.962069
2023-09-13 09:10:00,4.55
2023-09-13 09:20:00,4.27931
2023-09-13 09:30:00,5.242858
2023-09-13 09:40:00,4.510345
2023-09-13 09:50:00,5.307143
2023-09-13 10:00:00,5.224138
2023-09-13 10:10:00,5.772414
2023-09-13 10:20:00,5.146428
2023-09-13 10:30:00,4.293103
2023-09-13 10:40:00,4.885715
2023-09-13 10:50:00,5.006897
2023-09-13 11:00:00,5.314286
2023-09-13 11:10:00,4.613793
2023-09-13 11:20:00,4.872414
2023-09-13 11:30:00,5.921429
2023-09-13 11:40:00,4.465517
2023-09-13 11:50:00,4.489286
2023-09-13 12:00:00,5.206897
2023-09-13 12:10:00,5.978572
2023-09-13 12:20:00,6.296552
2023-09-13 12:30:00,7.079311
2023-09-13 12:40:00,6.59375
2023-09-13 12:50:00,4.953571
2023-09-13 13:00:00,5.324138
2023-09-13 13:10:00,5.478572
2023-09-13 13:20:00,4.386208
2023-09-13 13:30:00,4.5
2023-09-13 13:40:00,5.034483
2023-09-13 13:50:00,4.737932
2023-09-13 14:00:00,3.964286
2023-09-13 14:10:00,6.368966
2023-09-13 14:20:00,4.978572
2023-09-13 14:30:00,4.831035
2023-09-13 14:40:00,4.385714
2023-09-13 14:50:00,4.593103
2023-09-13 15:00:00,3.875862
2023-09-13 15:10:00,4.107142
2023-09-13 15:20:00,3.855172
2023-09-13 15:30:00,4.214286
2023-09-13 15:40:00,3.320689
2023-09-13 15:50:00,3.146429
2023-09-13 16:00:00,2.893104
2023-09-13 16:10:00,3.051724
2023-09-13 16:20:00,3.207143
2023-09-13 16:30:00,3.296552
2023-09-13 16:40:00,3.132143
2023-09-13 16:50:00,2.872414
2023-09-13 17:00:00,2.803571
2023-09-13 17:10:00,3.010345
2023-09-13 17:20:00,2.655173
2023-09-13 17:30:00,2.553571
2023-09-13 17:40:00,2.57931
2023-09-13 17:50:00,2.471428
2023-09-13 18:00:00,2.393104
2023-09-13 18:10:00,2.560714
2023-09-13 18:20:00,2.5
2023-09-13 18:30:00,2.132143
2023-09-13 18:40:00,2.362069
2023-09-13 18:50:00,2.227586
2023-09-13 19:00:00,2.539285
2023-09-13 19:10:00,2.689655
2023-09-13 19:20:00,1.964286
2023-09-13 19:30:00,1.831035
2023-09-13 19:40:00,2.025
2023-09-13 19:50:00,1.493103
2023-09-13 20:00:00,2.251724
2023-09-13 20:10:00,1.028571
2023-09-13 20:20:00,1.293104
2023-09-13 20:30:00,1.2
2023-09-13 20:40:00,1.193103
2023-09-13 20:50:00,0.9214286
2023-09-13 21:00:00,0.8896552
2023-09-13 21:10:00,1.3
2023-09-13 21:20:00,0.8464286
2023-09-13 21:30:00,0.6413793
2023-09-13 21:40:00,0.6642857
2023-09-13 21:50:00,1.082759
2023-09-13 22:00:00,0.7964286
2023-09-13 22:10:00,0.8724138
2023-09-13 22:20:00,1.010345
2023-09-13 22:30:00,1.189286
2023-09-13 22:40:00,1.131035
2023-09-13 22:50:00,1.010714
2023-09-13 23:00:00,0.5689655
2023-09-13 23:10:00,1.157143
2023-09-13 23:20:00,1.341379
2023-09-13 23:30:00,1.127586
2023-09-13 23:40:00,0.9428572
2023-09-13 23:50:00,1.268965
2023-09-14 00:00:00,1.660714
2023-09-14 00:10:00,1.368965
2023-09-14 00:20:00,1.010714
2023-09-14 00:30:00,1.162069
2023-09-14 00:40:00,1.293103
2023-09-14 00:50:00,1.267857
2023-09-14 01:00:00,1.493103
2023-09-14 01:10:00,1.153571
2023-09-14 01:20:00,1.724138
2023-09-14 01:30:00,1.196429
2023-09-14 01:40:00,1.131034
2023-09-14 01:50:00,1.034483
2023-09-14 02:00:00,0.8964286
2023-09-14 02:10:00,0.8448275
2023-09-14 02:20:00,1.039286
2023-09-14 02:30:00,0.9655172
2023-09-14 02:40:00,0.8321428
2023-09-14 02:50:00,1.134483
2023-09-14 03:00:00,1.593103
2023-09-14 03:10:00,2.346428
2023-09-14 03:20:00,1.696552
2023-09-14 03:30:00,2.214286
2023-09-14 03:40:00,1.324138
2023-09-14 03:50:00,1.425
2023-09-14 04:00:00,1.982759
2023-09-14 04:10:00,1.296552
2023-09-14 04:20:00,0.9107143
2023-09-14 04:30:00,1.5
2023-09-14 04:40:00,1.317857
2023-09-14 04:50:00,1.086207
2023-09-14 05:00:00,1.621428
2023-09-14 05:10:00,0.8034481
2023-09-14 05:20:00,0.9172413
2023-09-14 05:30:00,0.6571428
2023-09-14 05:40:00,0.7310345
2023-09-14 05:50:00,0.6142858
2023-09-14 06:00:00,0.4551724
2023-09-14 06:10:00,1.242857
2023-09-14 06:20:00,0.7551726
2023-09-14 06:30:00,1.182759
2023-09-14 06:40:00,1.1
2023-09-14 06:50:00,1.096552
2023-09-14 07:00:00,1.510714
2023-09-14 07:10:00,2.193103
2023-09-14 07:20:00,2.075
2023-09-14 07:30:00,1.820689
2023-09-14 07:40:00,1.7
2023-09-14 07:50:00,2.035714
2023-09-14 08:00:00,2.831034
2023-09-14 08:10:00,1.582143
2023-09-14 08:20:00,2.158621
2023-09-14 08:30:00,3.346429
2023-09-14 08:40:00,4.124138
2023-09-14 08:50:00,2.162069
2023-09-14 09:00:00,3.085714
2023-09-14 09:10:00,4.517241
2023-09-14 09:20:00,5.8
2023-09-14 09:30:00,5.527586
2023-09-14 09:40:00,7.864286
2023-09-14 09:50:00,6.913794
2023-09-14 10:00:00,6.660714
2023-09-14 10:10:00,6.944828
2023-09-14 10:20:00,5.77931
2023-09-14 10:30:00,6.482143
2023-09-14 10:40:00,5.268966
2023-09-14 10:50:00,4.503572
2023-09-14 11:00:00,5.13793
2023-09-14 11:10:00,5.657143
2023-09-14 11:20:00,5.017242
2023-09-14 11:30:00,5.34138
2023-09-14 11:40:00,4.264286
2023-09-14 11:50:00,5.317242
2023-09-14 12:00:00,4.642857
2023-09-14 12:10:00,5.027586
2023-09-14 12:20:00,4.35
2023-09-14 12:30:00,5.241379
2023-09-14 12:40:00,5.517241
2023-09-14 12:50:00,4.778572
2023-09-14 13:00:00,5.296553
2023-09-14 13:10:00,5.085713
2023-09-14 13:20:00,5.051724
2023-09-14 13:30:00,4.739286
2023-09-14 13:40:00,4.689655
2023-09-14 13:50:00,4.137931
2023-09-14 14:00:00,5.014287
2023-09-14 14:10:00,4.913793
2023-09-14 14:20:00,5.064286
2023-09-14 14:30:00,4.306897
2023-09-14 14:40:00,4.175
2023-09-14 14:50:00,3.648276
2023-09-14 15:00:00,4.541378
2023-09-14 15:10:00,3.742857
2023-09-14 15:20:00,3.548276
2023-09-14 15:30:00,3.217857
2023-09-14 15:40:00,3.1
2023-09-14 15:50:00,3.785714
2023-09-14 16:00:00,3.520689
2023-09-14 16:10:00,4.127586
2023-09-14 16:20:00,3.796428
2023-09-14 16:30:00,3.627586
2023-09-14 16:40:00,2.939285
2023-09-14 16:50:00,3.468966
2023-09-14 17:00:00,3.267857
2023-09-14 17:10:00,3.631035
2023-09-14 17:20:00,2.982759
2023-09-14 17:30:00,2.689286
2023-09-14 17:40:00,2.072414
2023-09-14 17:50:00,1.578572
2023-09-14 18:00:00,2.186207
2023-09-14 18:10:00,1.835714
2023-09-14 18:20:00,1.248276
2023-09-14 18:30:00,0.8379309
2023-09-14 18:40:00,0.8964285
2023-09-14 18:50:00,0.4344828
2023-09-14 19:00:00,0.5535715
2023-09-14 19:10:00,0.7793103
2023-09-14 19:20:00,0.7321429
2023-09-14 19:30:00,0.6172414
2023-09-14 19:40:00,0.4931034
2023-09-14 19:50:00,0.5857143
2023-09-14 20:00:00,0.8034482
2023-09-14 20:10:00,0.9142858
2023-09-14 20:20:00,0.8827587
2023-09-14 20:30:00,0.8214285
2023-09-14 20:40:00,0.4724138
2023-09-14 20:50:00,0.8
2023-09-14 21:00:00,1.117857
2023-09-14 21:10:00,0.7482758
2023-09-14 21:20:00,1.067857
2023-09-14 21:30:00,1.075862
2023-09-14 21:40:00,1.182143
2023-09-14 21:50:00,1.093103
2023-09-14 22:00:00,1.613793
2023-09-14 22:10:00,0.9857143
2023-09-14 22:20:00,1.148276
2023-09-14 22:30:00,1.153571
2023-09-14 22:40:00,1.182759
2023-09-14 22:50:00,0.9
2023-09-14 23:00:00,1.110345
2023-09-14 23:10:00,0.9482759
2023-09-14 23:20:00,0.8178571
2023-09-14 23:30:00,0.7586207
2023-09-14 23:40:00,1.192857
2023-09-14 23:50:00,1.124138
2023-09-15 00:00:00,1.085714
2023-09-15 00:10:00,1.1
2023-09-15 00:20:00,2.035714
2023-09-15 00:30:00,1.589655
2023-09-15 00:40:00,0.9310345
2023-09-15 00:50:00,1.575
2023-09-15 01:00:00,1.472414
2023-09-15 01:10:00,0.875
2023-09-15 01:20:00,1.17931
2023-09-15 01:30:00,0.9214286
2023-09-15 01:40:00,1.137931
2023-09-15 01:50:00,1.065517
2023-09-15 02:00:00,1.203571
2023-09-15 02:10:00,0.9344826
2023-09-15 02:20:00,1.003571
2023-09-15 02:30:00,0.5586206
2023-09-15 02:40:00,0.4892857
2023-09-15 02:50:00,0.6068966
2023-09-15 03:00:00,0.4178571
2023-09-15 03:10:00,0.8103448
2023-09-15 03:20:00,0.7551724
2023-09-15 03:30:00,0.7857143
2023-09-15 03:40:00,0.9965518
2023-09-15 03:50:00,1.021428
2023-09-15 04:00:00,1.106897
2023-09-15 04:10:00,0.9999999
2023-09-15 04:20:00,0.662069
2023-09-15 04:30:00,0.6482759
2023-09-15 04:40:00,1.075
2023-09-15 04:50:00,0.713793
2023-09-15 05:00:00,0.7500001
2023-09-15 05:10:00,0.7241381
2023-09-15 05:20:00,0.6928571
2023-09-15 05:30:00,1.165517
2023-09-15 05:40:00,0.6785715
2023-09-15 05:50:00,1.217241
2023-09-15 06:00:00,1.324138
2023-09-15 06:10:00,1.010714
2023-09-15 06:20:00,0.8517241
2023-09-15 06:30:00,0.5214285
2023-09-15 06:40:00,0.9379312
2023-09-15 06:50:00,1.1
2023-09-15 07:00:00,0.8103449
2023-09-15 07:10:00,0.5413793
2023-09-15 07:20:00,0.8
2023-09-15 07:30:00,1.341379
2023-09-15 07:40:00,1.014286
2023-09-15 07:50:00,0.9827588
2023-09-15 08:00:00,1.75
2023-09-15 08:10:00,1.451724
2023-09-15 08:20:00,1.331034
2023-09-15 08:30:00,0.7071429
2023-09-15 08:40:00,0.637931
2023-09-15 08:50:00,0.5750001
2023-09-15 09:00:00,1.324138
2023-09-15 09:10:00,1.9
2023-09-15 09:20:00,1.224138
2023-09-15 09:30:00,1.871429
2023-09-15 09:40:00,1.924138
2023-09-15 09:50:00,1.503572
2023-09-15 10:00:00,1.87931
2023-09-15 10:10:00,1.324138
2023-09-15 10:20:00,1.657143
2023-09-15 10:30:00,1.834483
2023-09-15 10:40:00,1.778571
2023-09-15 10:50:00,1.468965
2023-09-15 11:00:00,1.489286
2023-09-15 11:10:00,1.475862
2023-09-15 11:20:00,1.237931
2023-09-15 11:30:00,0.9535713
2023-09-15 11:40:00,0.8413792
2023-09-15 11:50:00,0.8749999
2023-09-15 12:00:00,1.113793
2023-09-15 12:10:00,1.085714
2023-09-15 12:20:00,0.7172413
2023-09-15 12:30:00,0.5482758
2023-09-15 12:40:00,0.7285714
2023-09-15 12:50:00,0.4965517
2023-09-15 13:00:00,0.4857143
2023-09-15 13:10:00,1.644828
2023-09-15 13:20:00,1.889286
2023-09-15 13:30:00,1.713793
2023-09-15 13:40:00,2.231035
2023-09-15 13:50:00,2.035714
2023-09-15 14:00:00,2.286207
2023-09-15 14:10:00,2.135714
2023-09-15 14:20:00,1.824138
2023-09-15 14:30:00,1.71875
2023-09-15 14:40:00,1.831035
2023-09-15 14:50:00,2.246429
2023-09-15 15:00:00,2.975862
2023-09-15 15:10:00,3.217242
2023-09-15 15:20:00,2.817858
2023-09-15 15:30:00,2.537931
2023-09-15 15:40:00,3.332143
2023-09-15 15:50:00,2.848275
2023-09-15 16:00:00,2.064286
2023-09-15 16:10:00,1.472414
2023-09-15 16:20:00,1.586207
2023-09-15 16:30:00,0.9250001
2023-09-15 16:40:00,0.9172414
2023-09-15 16:50:00,0.6928571
2023-09-15 17:00:00,1.541379
2023-09-15 17:10:00,0.9678571
2023-09-15 17:20:00,1.062069
2023-09-15 17:30:00,0.8034482
2023-09-15 17:40:00,1.082143
2023-09-15 17:50:00,0.8034483
2023-09-15 18:00:00,0.425
2023-09-15 18:10:00,0.6413792
2023-09-15 18:20:00,1.071429
2023-09-15 18:30:00,0.8689656
2023-09-15 18:40:00,1.227586
2023-09-15 18:50:00,0.7178571
2023-09-15 19:00:00,1.206897
2023-09-15 19:10:00,0.9678572
2023-09-15 19:20:00,0.5448276
2023-09-15 19:30:00,0.5107144
2023-09-15 19:40:00,0.8724138
2023-09-15 19:50:00,0.9142857
2023-09-15 20:00:00,0.7034484
2023-09-15 20:10:00,0.9413792
2023-09-15 20:20:00,1.096429
2023-09-15 20:30:00,0.8310344
2023-09-15 20:40:00,0.7285714
2023-09-15 20:50:00,0.4344827
2023-09-15 21:00:00,0.7607144
2023-09-15 21:10:00,0.8724137
2023-09-15 21:20:00,1.324138
2023-09-15 21:30:00,0.9071428
2023-09-15 21:40:00,1.017241
2023-09-15 21:50:00,0.4964287
2023-09-15 22:00:00,0.5206896
2023-09-15 22:10:00,0.5178571
2023-09-15 22:20:00,0.524138
2023-09-15 22:30:00,0.6137931
2023-09-15 22:40:00,0.7750001
2023-09-15 22:50:00,0.9172414
2023-09-15 23:00:00,0.7392858
2023-09-15 23:10:00,0.6344828
2023-09-15 23:20:00,0.6678571
2023-09-15 23:30:00,0.8586207
2023-09-15 23:40:00,0.8896553
2023-09-15 23:50:00,0.8464286
2023-09-16 00:00:00,0.8241379
2023-09-16 00:10:00,0.6071429
2023-09-16 00:20:00,0.7103449
2023-09-16 00:30:00,0.7535715
2023-09-16 00:40:00,1.231035
2023-09-16 00:50:00,0.9689655
2023-09-16 01:00:00,0.7285714
2023-09-16 01:10:00,0.7413793
2023-09-16 01:20:00,1.092857
2023-09-16 01:30:00,1.8
2023-09-16 01:40:00,1.175
2023-09-16 01:50:00,1.717242
2023-09-16 02:00:00,1.031034
2023-09-16 02:10:00,1.032143
2023-09-16 02:20:00,1.165517
2023-09-16 02:30:00,0.7285715
2023-09-16 02:40:00,0.962069
2023-09-16 02:50:00,0.6999999
2023-09-16 03:00:00,1.072414
2023-09-16 03:10:00,1.555172
2023-09-16 03:20:00,1.003572
2023-09-16 03:30:00,0.9310345
2023-09-16 03:40:00,1.607143
2023-09-16 03:50:00,1.096552
2023-09-16 04:00:00,0.9642857
2023-09-16 04:10:00,1.02069
2023-09-16 04:20:00,1.15
2023-09-16 04:30:00,0.6827587
2023-09-16 04:40:00,0.9172413
2023-09-16 04:50:00,0.6928571
2023-09-16 05:00:00,0.9896551
2023-09-16 05:10:00,0.6464286
2023-09-16 05:20:00,1.134483
2023-09-16 05:30:00,1.057143
2023-09-16 05:40:00,0.9586207
2023-09-16 05:50:00,1.055172
2023-09-16 06:00:00,1.446429
2023-09-16 06:10:00,1.217241
2023-09-16 06:20:00,1.157143
2023-09-16 06:30:00,1.375862
2023-09-16 06:40:00,1.471429
2023-09-16 06:50:00,0.7793104
2023-09-16 07:00:00,0.4482759
2023-09-16 07:10:00,0.6249999
2023-09-16 07:20:00,0.7862068
2023-09-16 07:30:00,1.496428
2023-09-16 07:40:00,1.924138
2023-09-16 07:50:00,2.185714
2023-09-16 08:00:00,2.503448
2023-09-16 08:10:00,2.12069
2023-09-16 08:20:00,3.325
2023-09-16 08:30:00,2.675862
2023-09-16 08:40:00,4.278571
2023-09-16 08:50:00,4.52069
2023-09-16 09:00:00,3.671429
2023-09-16 09:10:00,3.403449
2023-09-16 09:20:00,3.844828
2023-09-16 09:30:00,3.214286
2023-09-16 09:40:00,5.0
2023-09-16 09:50:00,3.982143
2023-09-16 10:00:00,3.010345
2023-09-16 10:10:00,4.328572
2023-09-16 10:20:00,3.527587
2023-09-16 10:30:00,4.317241
2023-09-16 10:40:00,4.421428
2023-09-16 10:50:00,4.358621
2023-09-16 11:00:00,4.496429
2023-09-16 11:10:00,4.817242
2023-09-16 11:20:00,4.135714
2023-09-16 11:30:00,5.517242
2023-09-16 11:40:00,3.993104
2023-09-16 11:50:00,3.25
2023-09-16 12:00:00,4.451725
2023-09-16 12:10:00,4.982142
2023-09-16 12:20:00,4.617242
2023-09-16 12:30:00,3.264285
2023-09-16 12:40:00,4.47931
2023-09-16 12:50:00,4.6
2023-09-16 13:00:00,4.471429
2023-09-16 13:10:00,4.175862
2023-09-16 13:20:00,4.653572
2023-09-16 13:30:00,4.393103
2023-09-16 13:40:00,5.128571
2023-09-16 13:50:00,4.596552
2023-09-16 14:00:00,4.72069
2023-09-16 14:10:00,4.3
2023-09-16 14:20:00,3.617241
2023-09-16 14:30:00,3.339286
2023-09-16 14:40:00,3.134482
2023-09-16 14:50:00,3.385714
2023-09-16 15:00:00,3.093103
2023-09-16 15:10:00,2.996428
2023-09-16 15:20:00,3.786207
2023-09-16 15:30:00,3.372414
2023-09-16 15:40:00,3.192857
2023-09-16 15:50:00,3.606896
2023-09-16 16:00:00,3.339286
2023-09-16 16:10:00,3.682759
2023-09-16 16:20:00,3.110714
2023-09-16 16:30:00,3.67931
2023-09-16 16:40:00,3.151724
2023-09-16 16:50:00,2.671428
2023-09-16 17:00:00,3.596552
2023-09-16 17:10:00,3.371429
2023-09-16 17:20:00,3.131034
2023-09-16 17:30:00,2.632143
2023-09-16 17:40:00,2.565517
2023-09-16 17:50:00,2.667857
2023-09-16 18:00:00,2.593104
2023-09-16 18:10:00,2.082758
2023-09-16 18:20:00,2.35
2023-09-16 18:30:00,1.762069
2023-09-16 18:40:00,1.642857
2023-09-16 18:50:00,3.665517
2023-09-16 19:00:00,4.903572
2023-09-16 19:10:00,5.441379
2023-09-16 19:20:00,4.251725
2023-09-16 19:30:00,4.917857
2023-09-16 19:40:00,5.117242
2023-09-16 19:50:00,4.453572
2023-09-16 20:00:00,4.575862
2023-09-16 20:10:00,3.914286
2023-09-16 20:20:00,4.313793
2023-09-16 20:30:00,3.993104
2023-09-16 20:40:00,3.957143
2023-09-16 20:50:00,3.334483
2023-09-16 21:00:00,2.803571
2023-09-16 21:10:00,2.400001
2023-09-16 21:20:00,2.489286
2023-09-16 21:30:00,2.017241
2023-09-16 21:40:00,1.342857
2023-09-16 21:50:00,1.989655
2023-09-16 22:00:00,2.331035
2023-09-16 22:10:00,2.239286
2023-09-16 22:20:00,2.344827
2023-09-16 22:30:00,1.8
2023-09-16 22:40:00,2.182759
2023-09-16 22:50:00,2.828572
2023-09-16 23:00:00,2.955173
2023-09-16 23:10:00,2.193103
2023-09-16 23:20:00,0.9142858
2023-09-16 23:30:00,1.765517
2023-09-16 23:40:00,2.035714
2023-09-16 23:50:00,1.634483
2023-09-17 00:00:00,1.042857
2023-09-17 00:10:00,1.127586
2023-09-17 00:20:00,1.531034
2023-09-17 00:30:00,1.703571
2023-09-17 00:40:00,1.458621
2023-09-17 00:50:00,1.582143
2023-09-17 01:00:00,1.427586
2023-09-17 01:10:00,0.8964286
2023-09-17 01:20:00,0.7586207
2023-09-17 01:30:00,0.762069
2023-09-17 01:40:00,0.7928571
2023-09-17 01:50:00,1.110345
2023-09-17 02:00:00,1.021428
2023-09-17 02:10:00,0.9172414
2023-09-17 02:20:00,1.403571
2023-09-17 02:30:00,1.258621
2023-09-17 02:40:00,1.662069
2023-09-17 02:50:00,1.528571
2023-09-17 03:00:00,1.334483
2023-09-17 03:10:00,1.557143
2023-09-17 03:20:00,1.693103
2023-09-17 03:30:00,1.564286
2023-09-17 03:40:00,1.117241
2023-09-17 03:50:00,1.086207
2023-09-17 04:00:00,1.296429
2023-09-17 04:10:00,1.427586
2023-09-17 04:20:00,1.535714
2023-09-17 04:30:00,1.344827
2023-09-17 04:40:00,1.557143
2023-09-17 04:50:00,0.8965517
2023-09-17 05:00:00,0.651724
2023-09-17 05:10:00,0.8214286
2023-09-17 05:20:00,0.8827586
2023-09-17 05:30:00,1.039286
2023-09-17 05:40:00,0.9724139
2023-09-17 05:50:00,1.207143
2023-09-17 06:00:00,0.8310344
2023-09-17 06:10:00,0.7275862
2023-09-17 06:20:00,0.9571428
2023-09-17 06:30:00,0.9344827
2023-09-17 06:40:00,2.085714
2023-09-17 06:50:00,4.062069
2023-09-17 07:00:00,4.4
2023-09-17 07:10:00,5.813793
2023-09-17 07:20:00,5.285714
2023-09-17 07:30:00,5.668966
2023-09-17 07:40:00,4.924138
2023-09-17 07:50:00,6.75
2023-09-17 08:00:00,6.824138
2023-09-17 08:10:00,7.057143
2023-09-17 08:20:00,5.937932
2023-09-17 08:30:00,6.417857
2023-09-17 08:40:00,6.410345
2023-09-17 08:50:00,7.72857
2023-09-17 09:00:00,7.182759
2023-09-17 09:10:00,7.455173
2023-09-17 09:20:00,7.942857
2023-09-17 09:30:00,6.172414
2023-09-17 09:40:00,5.935714
2023-09-17 09:50:00,6.1
2023-09-17 10:00:00,6.707142
2023-09-17 10:10:00,6.237932
2023-09-17 10:20:00,6.103447
2023-09-17 10:30:00,6.207142
2023-09-17 10:40:00,6.193103
2023-09-17 10:50:00,5.796428
2023-09-17 11:00:00,6.075861
2023-09-17 11:10:00,5.592857
2023-09-17 11:20:00,5.972415
2023-09-17 11:30:00,4.748276
2023-09-17 11:40:00,5.753572
2023-09-17 11:50:00,7.189656
2023-09-17 12:00:00,4.539286
2023-09-17 12:10:00,5.837931
2023-09-17 12:20:00,5.510715
2023-09-17 12:30:00,6.434483
2023-09-17 12:40:00,5.348276
2023-09-17 12:50:00,5.514286
2023-09-17 13:00:00,6.748275
2023-09-17 13:10:00,6.432143
2023-09-17 13:20:00,6.031034
2023-09-17 13:30:00,6.0
2023-09-17 13:40:00,6.413793
2023-09-17 13:50:00,5.767857
2023-09-17 14:00:00,5.196552
2023-09-17 14:10:00,6.189657
2023-09-17 14:20:00,5.964286
2023-09-17 14:30:00,6.048275
2023-09-17 14:40:00,5.203571
2023-09-17 14:50:00,4.868966
2023-09-17 15:00:00,5.214285
2023-09-17 15:10:00,4.296552
2023-09-17 15:20:00,4.886208
2023-09-17 15:30:00,4.971428
2023-09-17 15:40:00,5.093103
2023-09-17 15:50:00,5.596429
2023-09-17 16:00:00,4.424138
2023-09-17 16:10:00,3.539286
2023-09-17 16:20:00,4.434483
2023-09-17 16:30:00,5.017241
2023-09-17 16:40:00,4.896428
2023-09-17 16:50:00,5.341379
2023-09-17 17:00:00,4.321429
2023-09-17 17:10:00,4.693103
2023-09-17 17:20:00,4.414286
2023-09-17 17:30:00,4.831034
2023-09-17 17:40:00,4.537931
2023-09-17 17:50:00,4.796429
2023-09-17 18:00:00,5.327585
2023-09-17 18:10:00,4.071429
2023-09-17 18:20:00,5.582758
2023-09-17 18:30:00,4.017857
2023-09-17 18:40:00,4.758621
2023-09-17 18:50:00,4.746428
2023-09-17 19:00:00,4.765518
2023-09-17 19:10:00,5.0
2023-09-17 19:20:00,3.778571
2023-09-17 19:30:00,4.041379
2023-09-17 19:40:00,4.346429
2023-09-17 19:50:00,4.655172
2023-09-17 20:00:00,2.207143
2023-09-17 20:10:00,1.189655
2023-09-17 20:20:00,1.531034
2023-09-17 20:30:00,1.728572
2023-09-17 20:40:00,2.589655
2023-09-17 20:50:00,1.407143
2023-09-17 21:00:00,1.2
2023-09-17 21:10:00,1.642857
2023-09-17 21:20:00,1.393103
2023-09-17 21:30:00,1.12069
2023-09-17 21:40:00,0.8642856
2023-09-17 21:50:00,0.8896551
2023-09-17 22:00:00,1.107143
2023-09-17 22:10:00,1.086207
2023-09-17 22:20:00,0.85
2023-09-17 22:30:00,1.131035
2023-09-17 22:40:00,0.7172413
2023-09-17 22:50:00,1.157143
2023-09-17 23:00:00,1.013793
2023-09-17 23:10:00,0.9178572
2023-09-17 23:20:00,0.9206896
2023-09-17 23:30:00,0.8214287
2023-09-17 23:40:00,0.8965517
2023-09-17 23:50:00,0.7551724
